6/selected/402336.java,37,64,6/selected/402336.java,66,93
6/selected/1222008.java,47,76,6/selected/1222008.java,78,104
6/selected/884330.java,69,89,6/selected/884330.java,120,140
6/selected/1103983.java,43,72,6/selected/1103983.java,74,100
6/selected/1427847.java,58,79,6/selected/1427847.java,81,100
6/selected/1222008.java,106,126,6/selected/1222008.java,128,152
6/selected/1103983.java,102,122,6/selected/1103983.java,124,148
6/selected/1265593.java,90,108,6/selected/1265593.java,110,128
6/selected/884330.java,44,67,6/selected/884330.java,91,118
6/selected/801019.java,715,736,6/selected/1702641.java,231,252
6/selected/897597.java,97,166,6/selected/776961.java,24,77
6/selected/801019.java,737,761,6/selected/1702641.java,253,273
